user_id,first_name,last_name,email,phone,address,membership_start_date,membership_end_date
1,Alice,Smith,alice.smith@example.com,123-456-7890,123 Main St Anytown USA,2023-01-01,2024-01-01
2,Bob,Johnson,bob.johnson@example.com,098-765-4321,456 Elm St Othertown USA,2023-02-01,2024-02-01
3,Charlie,Brown,charlie.brown@example.com,555-555-5555,789 Maple St Thistown USA,2023-03-01,2024-03-01
4,David,Wilson,david.wilson@example.com,222-333-4444,1010 Oak St Thatown USA,2023-04-01,2024-04-01
5,Eve,Davis,eve.davis@example.com,666-777-8888,1212 Pine St Thattown USA,2023-05-01,2024-05-01
6,Frank,Garcia,frank.garcia@example.com,333-444-5555,1313 Birch St Thisown USA,2023-06-01,2024-06-01
7,Grace,Miller,grace.miller@example.com,777-888-9999,1414 Cedar St Otherown USA,2023-07-01,2024-07-01
8,Hannah,Martinez,hannah.martinez@example.com,111-222-3333,1515 Elm St Anothertown USA,2023-08-01,2024-08-01
9,Ian,Anderson,ian.anderson@example.com,888-999-0000,1616 Maple St Elsewhere USA,2023-09-01,2024-09-01
10,Judy,Thomas,judy.thomas@example.com,444-555-6666,1717 Oak St Anywhere USA,2023-10-01,2024-10-01
11,Ken,Adams,ken.adams@example.com,111-111-1111,111 First St Town1 USA,2023-01-01,2024-01-01
12,Lisa,Bennett,lisa.bennett@example.com,222-222-2222,222 Second St Town2 USA,2023-01-02,2024-01-02
13,Michael,Clark,michael.clark@example.com,333-333-3333,333 Third St Town3 USA,2023-01-03,2024-01-03
14,Nancy,Davis,nancy.davis@example.com,444-444-4444,444 Fourth St Town4 USA,2023-01-04,2024-01-04
15,Oscar,Evans,oscar.evans@example.com,555-555-5555,555 Fifth St Town5 USA,2023-01-05,2024-01-05
16,Paul,Fisher,paul.fisher@example.com,666-666-6666,666 Sixth St Town6 USA,2023-01-06,2024-01-06
17,Quincy,Gomez,quincy.gomez@example.com,777-777-7777,777 Seventh St Town7 USA,2023-01-07,2024-01-07
18,Rachel,Harris,rachel.harris@example.com,888-888-8888,888 Eighth St Town8 USA,2023-01-08,2024-01-08
19,Steven,Irwin,steven.irwin@example.com,999-999-9999,999 Ninth St Town9 USA,2023-01-09,2024-01-09
20,Tracy,Jones,tracy.jones@example.com,123-123-1234,123 Tenth St Town10 USA,2023-01-10,2024-01-10
21,Ursula,Knight,ursula.knight@example.com,234-234-2345,234 Eleventh St Town11 USA,2023-01-11,2024-01-11
22,Victor,Lee,victor.lee@example.com,345-345-3456,345 Twelfth St Town12 USA,2023-01-12,2024-01-12
23,Wendy,Morgan,wendy.morgan@example.com,456-456-4567,456 Thirteenth St Town13 USA,2023-01-13,2024-01-13
24,Xander,Nelson,xander.nelson@example.com,567-567-5678,567 Fourteenth St Town14 USA,2023-01-14,2024-01-14
25,Yvonne,Owens,yvonne.owens@example.com,678-678-6789,678 Fifteenth St Town15 USA,2023-01-15,2024-01-15
26,Zach,Perez,zach.perez@example.com,789-789-7890,789 Sixteenth St Town16 USA,2023-01-16,2024-01-16
27,Adam,Quinn,adam.quinn@example.com,890-890-8901,890 Seventeenth St Town17 USA,2023-01-17,2024-01-17
28,Betty,Roberts,betty.roberts@example.com,901-901-9012,901 Eighteenth St Town18 USA,2023-01-18,2024-01-18
29,Chris,Sanders,chris.sanders@example.com,012-012-0123,012 Nineteenth St Town19 USA,2023-01-19,2024-01-19
30,Diane,Taylor,diane.taylor@example.com,123-123-1230,123 Twentieth St Town20 USA,2023-01-20,2024-01-20
31,Edward,Underwood,edward.underwood@example.com,234-234-2341,234 Twenty-first St Town21 USA,2023-01-21,2024-01-21
32,Fiona,Valdez,fiona.valdez@example.com,345-345-3452,345 Twenty-second St Town22 USA,2023-01-22,2024-01-22
33,George,Wright,george.wright@example.com,456-456-4563,456 Twenty-third St Town23 USA,2023-01-23,2024-01-23
34,Holly,Xavier,holly.xavier@example.com,567-567-5674,567 Twenty-fourth St Town24 USA,2023-01-24,2024-01-24
35,Isaac,Yates,isaac.yates@example.com,678-678-6785,678 Twenty-fifth St Town25 USA,2023-01-25,2024-01-25
36,Jack,Zimmerman,jack.zimmerman@example.com,789-789-7896,789 Twenty-sixth St Town26 USA,2023-01-26,2024-01-26
37,Karen,Adams,karen.adams@example.com,890-890-8907,890 Twenty-seventh St Town27 USA,2023-01-27,2024-01-27
38,Larry,Bennett,larry.bennett@example.com,901-901-9018,901 Twenty-eighth St Town28 USA,2023-01-28,2024-01-28
39,Maria,Clark,maria.clark@example.com,012-012-0129,012 Twenty-ninth St Town29 USA,2023-01-29,2024-01-29
40,Nathan,Davis,nathan.davis@example.com,123-123-1230,123 Thirtieth St Town30 USA,2023-01-30,2024-01-30
41,Olivia,Evans,olivia.evans@example.com,234-234-2341,234 Thirty-first St Town31 USA,2023-01-31,2024-01-31
42,Peter,Fisher,peter.fisher@example.com,345-345-3452,345 Thirty-second St Town32 USA,2023-02-01,2024-02-01
43,Quincy,Gomez,quincy.gomez@example.com,456-456-4563,456 Thirty-third St Town33 USA,2023-02-02,2024-02-02
44,Rachel,Harris,rachel.harris@example.com,567-567-5674,567 Thirty-fourth St Town34 USA,2023-02-03,2024-02-03
45,Steven,Irwin,steven.irwin@example.com,678-678-6785,678 Thirty-fifth St Town35 USA,2023-02-04,2024-02-04
46,Tracy,Jones,tracy.jones@example.com,789-789-7896,789 Thirty-sixth St Town36 USA,2023-02-05,2024-02-05
47,Ursula,Knight,ursula.knight@example.com,890-890-8907,890 Thirty-seventh St Town37 USA,2023-02-06,2024-02-06
48,Victor,Lee,victor.lee@example.com,901-901-9018,901 Thirty-eighth St Town38 USA,2023-02-07,2024-02-07
49,Wendy,Morgan,wendy.morgan@example.com,012-012-0129,012 Thirty-ninth St Town39 USA,2023-02-08,2024-02-08
50,Xander,Nelson,xander.nelson@example.com,123-123-1230,123 Fortieth St Town40 USA,2023-02-09,2024-02-09
51,Yvonne,Owens,yvonne.owens@example.com,234-234-2341,234 Forty-first St Town41 USA,2023-02-10,2024-02-10
52,Zach,Perez,zach.perez@example.com,345-345-3452,345 Forty-second St Town42 USA,2023-02-11,2024-02-11
53,Adam,Quinn,adam.quinn@example.com,456-456-4563,456 Forty-third St Town43 USA,2023-02-12,2024-02-12
54,Betty,Roberts,betty.roberts@example.com,567-567-5674,567 Forty-fourth St Town44 USA,2023-02-13,2024-02-13
55,Chris,Sanders,chris.sanders@example.com,678-678-6785,678 Forty-fifth St Town45 USA,2023-02-14,2024-02-14
56,Diane,Taylor,diane.taylor@example.com,789-789-7896,789 Forty-sixth St Town46 USA,2023-02-15,2024-02-15
57,Edward,Underwood,edward.underwood@example.com,890-890-8907,890 Forty-seventh St Town47 USA,2023-02-16,2024-02-16
58,Fiona,Valdez,fiona.valdez@example.com,901-901-9018,901 Forty-eighth St Town48 USA,2023-02-17,2024-02-17
59,George,Wright,george.wright@example.com,012-012-0129,012 Forty-ninth St Town49 USA,2023-02-18,2024-02-18
60,Holly,Xavier,holly.xavier@example.com,123-123-1230,123 Fiftieth St Town50 USA,2023-02-19,2024-02-19
61,Isaac,Yates,isaac.yates@example.com,234-234-2341,234 Fifty-first St Town51 USA,2023-02-20,2024-02-20
62,Jack,Zimmerman,jack.zimmerman@example.com,345-345-3452,345 Fifty-second St Town52 USA,2023-02-21,2024-02-21
63,Karen,Adams,karen.adams@example.com,456-456-4563,456 Fifty-third St Town53 USA,2023-02-22,2024-02-22
64,Larry,Bennett,larry.bennett@example.com,567-567-5674,567 Fifty-fourth St Town54 USA,2023-02-23,2024-02-23
65,Maria,Clark,maria.clark@example.com,678-678-6785,678 Fifty-fifth St Town55 USA,2023-02-24,2024-02-24
66,Nathan,Davis,nathan.davis@example.com,789-789-7896,789 Fifty-sixth St Town56 USA,2023-02-25,2024-02-25
67,Olivia,Evans,olivia.evans@example.com,890-890-8907,890 Fifty-seventh St Town57 USA,2023-02-26,2024-02-26
68,Peter,Fisher,peter.fisher@example.com,901-901-9018,901 Fifty-eighth St Town58 USA,2023-02-27,2024-02-27
69,Quincy,Gomez,quincy.gomez@example.com,012-012-0129,012 Fifty-ninth St Town59 USA,2023-02-28,2024-02-28
70,Rachel,Harris,rachel.harris@example.com,123-123-1230,123 Sixtieth St Town60 USA,2023-02-29,2024-02-29
71,Steven,Irwin,steven.irwin@example.com,234-234-2341,234 Sixty-first St Town61 USA,2023-03-01,2024-03-01
72,Tracy,Jones,tracy.jones@example.com,345-345-3452,345 Sixty-second St Town62 USA,2023-03-02,2024-03-02
73,Ursula,Knight,ursula.knight@example.com,456-456-4563,456 Sixty-third St Town63 USA,2023-03-03,2024-03-03
74,Victor,Lee,victor.lee@example.com,567-567-5674,567 Sixty-fourth St Town64 USA,2023-03-04,2024-03-04
75,Wendy,Morgan,wendy.morgan@example.com,678-678-6785,678 Sixty-fifth St Town65 USA,2023-03-05,2024-03-05
76,Xander,Nelson,xander.nelson@example.com,789-789-7896,789 Sixty-sixth St Town66 USA,2023-03-06,2024-03-06
77,Yvonne,Owens,yvonne.owens@example.com,890-890-8907,890 Sixty-seventh St Town67 USA,2023-03-07,2024-03-07
78,Zach,Perez,zach.perez@example.com,901-901-9018,901 Sixty-eighth St Town68 USA,2023-03-08,2024-03-08
79,Adam,Quinn,adam.quinn@example.com,012-012-0129,012 Sixty-ninth St Town69 USA,2023-03-09,2024-03-09
80,Betty,Roberts,betty.roberts@example.com,123-123-1230,123 Seventieth St Town70 USA,2023-03-10,2024-03-10
81,Chris,Sanders,chris.sanders@example.com,234-234-2341,234 Seventy-first St Town71 USA,2023-03-11,2024-03-11
82,Diane,Taylor,diane.taylor@example.com,345-345-3452,345 Seventy-second St Town72 USA,2023-03-12,2024-03-12
83,Edward,Underwood,edward.underwood@example.com,456-456-4563,456 Seventy-third St Town73 USA,2023-03-13,2024-03-13
84,Fiona,Valdez,fiona.valdez@example.com,567-567-5674,567 Seventy-fourth St Town74 USA,2023-03-14,2024-03-14
85,George,Wright,george.wright@example.com,678-678-6785,678 Seventy-fifth St Town75 USA,2023-03-15,2024-03-15
86,Holly,Xavier,holly.xavier@example.com,789-789-7896,789 Seventy-sixth St Town76 USA,2023-03-16,2024-03-16
87,Isaac,Yates,isaac.yates@example.com,890-890-8907,890 Seventy-seventh St Town77 USA,2023-03-17,2024-03-17
88,Jack,Zimmerman,jack.zimmerman@example.com,901-901-9018,901 Seventy-eighth St Town78 USA,2023-03-18,2024-03-18
89,Karen,Adams,karen.adams@example.com,012-012-0129,012 Seventy-ninth St Town79 USA,2023-03-19,2024-03-19
90,Larry,Bennett,larry.bennett@example.com,123-123-1230,123 Eightieth St Town80 USA,2023-03-20,2024-03-20
91,Maria,Clark,maria.clark@example.com,234-234-2341,234 Eighty-first St Town81 USA,2023-03-21,2024-03-21
92,Nathan,Davis,nathan.davis@example.com,345-345-3452,345 Eighty-second St Town82 USA,2023-03-22,2024-03-22
93,Olivia,Evans,olivia.evans@example.com,456-456-4563,456 Eighty-third St Town83 USA,2023-03-23,2024-03-23
94,Peter,Fisher,peter.fisher@example.com,567-567-5674,567 Eighty-fourth St Town84 USA,2023-03-24,2024-03-24
95,Quincy,Gomez,quincy.gomez@example.com,678-678-6785,678 Eighty-fifth St Town85 USA,2023-03-25,2024-03-25
96,Rachel,Harris,rachel.harris@example.com,789-789-7896,789 Eighty-sixth St Town86 USA,2023-03-26,2024-03-26
97,Steven,Irwin,steven.irwin@example.com,890-890-8907,890 Eighty-seventh St Town87 USA,2023-03-27,2024-03-27
98,Tracy,Jones,tracy.jones@example.com,901-901-9018,901 Eighty-eighth St Town88 USA,2023-03-28,2024-03-28
99,Ursula,Knight,ursula.knight@example.com,012-012-0129,012 Eighty-ninth St Town89 USA,2023-03-29,2024-03-29
100,Victor,Lee,victor.lee@example.com,123-123-1230,123 Ninetieth St Town90 USA,2023-03-30,2024-03-30

